GEOID,suffix,n
01001,RD,604
01003,RD,1789
01005,RD,605
01007,RD,513
01009,RD,1037
01011,RD,336
01013,RD,779
01015,ST,1031
01017,RD,612
01019,RD,1210
01021,RD,1247
01023,RD,798
01025,RD,885
01027,RD,724
01029,RD,648
01031,RD,811
01033,RD,607
01035,RD,461
01037,RD,498
01039,RD,1376
01041,RD,649
01043,RD,2420
01045,RD,848
01047,RD,780
01049,RD,2228
01051,RD,1329
01053,RD,825
01055,ST,1053
01057,RD,633
01059,RD,918
01061,RD,882
01063,RD,281
01065,RD,483
01067,RD,527
01069,RD,956
01071,RD,1086
01073,DR,3637
01075,RD,675
01077,RD,1336
01079,RD,830
01081,RD,1781
01083,RD,849
01085,RD,482
01087,RD,457
01089,DR,2772
01091,RD,312
01093,RD,1047
01095,RD,1256
01097,DR,3289
01099,RD,840
01101,DR,1217
01103,RD,1072
01105,RD,370
01107,RD,745
01109,RD,926
01111,RD,884
01113,RD,608
01115,RD,1072
01117,DR,1584
01119,RD,343
01121,LN,1027
01123,RD,1173
01125,RD,1784
01127,RD,1731
01129,RD,1017
01131,RD,531
01133,RD,1278
02013,RD,61
02016,RD,117
02020,CIR,1404
02050,RD,253
02060,RD,123
02063,RD,107
02066,RD,113
02068,RD,162
02070,RD,131
02090,RD,792
02100,RD,83
02105,RD,66
02110,ST,227
02122,ST,1008
02130,RD,130
02150,ST,95
02158,ST,116
02164,RD,172
02170,DR,1755
02180,RD,183
02185,ST,127
02188,ST,96
02195,ST,72
02198,RD,168
02220,ST,88
02230,AVE,24
02240,RD,235
02275,ST,40
02282,RD,42
02290,RD,306
04001,RD,1831
04003,RD,2358
04005,RD,2557
04007,RD,900
04009,RD,527
04011,RD,229
04012,RD,436
04013,DR,24620
04015,DR,3647
04017,RD,1709
04019,DR,4509
04021,DR,3861
04023,CT,726
04025,RD,3240
04027,ST,1346
05001,RD,447
05003,RD,697
05005,RD,1074
05007,RD,2891
05009,LN,647
05011,RD,707
05013,RD,478
05015,RD,1230
05017,RD,510
05019,RD,1499
05021,RD,454
05023,RD,697
05025,RD,465
05027,RD,423
05029,RD,535
05031,RD,1977
05033,RD,511
05035,RD,668
05037,RD,680
05039,ST,293
05041,RD,394
05043,RD,639
05045,DR,1101
05047,RD,771
05049,RD,747
05051,LN,1145
05053,RD,1451
05055,RD,1081
05057,RD,1038
05059,RD,1068
05061,PVT,771
05063,LN,593
05065,RD,644
05067,ST,334
05069,RD,918
05071,RD,1672
05073,RD,488
05075,RD,516
05077,RD,356
05079,RD,416
05081,LR,272
05083,RD,502
05085,RD,1415
05087,RD,1303
05089,RD,1056
05091,RD,824
05093,RD,1126
05095,RD,238
05097,RD,565
05099,RD,697
05101,RD,700
05103,RD,517
05105,RD,684
05107,RD,302
05109,RD,777
05111,RD,640
05113,RD,1161
05115,LN,728
05117,RD,894
05119,DR,2529
05121,RD,456
05123,RD,367
05125,DR,1119
05127,RD,1054
05129,RD,1107
05131,ST,1432
05133,RD,621
05135,RD,686
05137,RD,742
05139,RD,851
05141,RD,1062
05143,RD,3100
05145,RD,1031
05147,RD,435
05149,RD,1200
06001,CT,3727
06003,RD,120
06005,RD,622
06007,RD,1357
06009,RD,999
06011,RD,402
06013,CT,6238
06015,RD,345
06017,RD,1972
06019,AVE,10999
06021,RD,444
06023,RD,1950
06025,RD,1347
06027,RD,662
06029,ST,5361
06031,AVE,993
06033,RD,1576
06035,RD,832
06037,ST,21503
06039,RD,998
06041,RD,1003
06043,RD,799
06045,RD,1484
06047,CT,1207
06049,RD,1309
06051,RD,558
06053,RD,1459
06055,CT,533
06057,RD,1585
06059,DR,6673
06061,CT,2752
06063,RD,689
06065,DR,8099
06067,WAY,6333
06069,RD,363
06071,RD,11537
06073,ST,6060
06075,ST,1477
06077,CT,2133
06079,RD,2214
06081,AVE,1877
06083,RD,1580
06085,CT,6089
06087,RD,1500
06089,RD,1917
06091,RD,377
06093,RD,1439
06095,CT,2341
06097,RD,2856
06099,CT,1967
06101,RD,406
06103,RD,839
06105,RD,1049
06107,AVE,3708
06109,RD,1279
06111,ST,2577
06113,ST,686
06115,RD,433
08001,ST,2655
08003,RD,265
08005,ST,2321
08007,CT,313
08009,RD,377
08011,RD,203
08013,DR,1230
08014,ST,277
08015,RD,544
08017,RD,166
08019,RD,410
08021,RD,225
08023,RD,673
08025,LN,82
08027,RD,454
08029,RD,753
08031,ST,2491
08033,RD,235
08035,DR,1579
08037,RD,633
08039,RD,570
08041,DR,3330
08043,RD,479
08045,RD,539
08047,RD,301
08049,RD,977
08051,RD,510
08053,RD,106
08055,RD,445
08057,RD,140
08059,ST,2975
08061,RD,181
08063,RD,361
08065,RD,182
08067,RD,720
08069,DR,2779
08071,RD,419
08073,RD,342
08075,RD,539
08077,RD,1328
08079,RD,244
08081,RD,392
08083,RD,459
08085,RD,911
08087,RD,451
08089,ST,238
08091,RD,150
08093,RD,1419
08095,RD,232
08097,RD,466
08099,RD,288
08101,DR,1261
08103,RD,217
08105,RD,354
08107,RD,379
08109,RD,293
08111,RD,93
08113,RD,405
08115,RD,197
08117,RD,804
08119,RD,645
08121,RD,473
08123,RD,1796
08125,RD,366
09110,RD,4099
09120,RD,1139
09130,RD,1883
09140,RD,2001
09150,RD,1159
09160,RD,1826
09170,RD,2188
09180,RD,1694
09190,RD,3702
10001,RD,1217
10003,DR,2502
10005,RD,2822
11001,ST,1740
12001,AVE,2246
12003,RD,749
12005,DR,992
12007,ST,594
12009,DR,2651
12011,ST,6450
12013,RD,591
12015,AVE,1700
12017,CT,1308
12019,CT,1014
12021,DR,1316
12023,RD,1000
12027,AVE,552
12029,AVE,932
12031,DR,4127
12033,DR,2070
12035,LN,674
12037,ST,445
12039,RD,754
12041,ST,278
12043,RD,297
12045,RD,384
12047,ST,196
12049,RD,474
12051,ST,507
12053,RD,1104
12055,AVE,1523
12057,DR,5781
12059,RD,481
12061,AVE,948
12063,RD,842
12065,RD,412
12067,RD,526
12069,DR,2037
12071,AVE,3898
12073,DR,1526
12075,ST,899
12077,RD,401
12079,RD,596
12081,ST,2497
12083,ST,2753
12085,ST,564
12086,ST,8450
12087,DR,629
12089,RD,933
12091,DR,1264
12093,ST,674
12095,DR,4907
12097,DR,1339
12099,DR,5058
12101,DR,3780
12103,AVE,3918
12105,DR,3966
12107,ST,1187
12109,DR,1382
12111,ST,1256
12113,RD,1364
12115,DR,2717
12117,CT,1797
12119,RD,868
12121,RD,654
12123,RD,928
12125,LN,206
12127,DR,2769
12129,RD,495
12131,RD,1285
12133,RD,757
13001,RD,691
13003,RD,366
13005,RD,348
13007,RD,370
13009,RD,428
13011,RD,377
13013,DR,433
13015,RD,926
13017,RD,470
13019,RD,944
13021,DR,1047
13023,RD,282
13025,RD,702
13027,RD,527
13029,RD,404
13031,RD,1475
13033,RD,492
13035,RD,336
13037,RD,278
13039,RD,444
13043,RD,349
13045,RD,778
13047,LN,763
13049,RD,372
13051,ST,1229
13053,RD,237
13055,RD,439
13057,DR,1266
13059,DR,550
13061,RD,330
13063,DR,1183
13065,RD,383
13067,DR,4668
13069,RD,1219
13071,RD,648
13073,DR,832
13075,RD,409
13077,DR,753
13079,RD,214
13081,RD,326
13083,RD,250
13085,RD,373
13087,RD,553
13089,DR,2552
13091,RD,458
13093,RD,531
13095,AVE,427
13097,DR,822
13099,RD,527
13101,RD,209
13103,RD,458
13105,RD,422
13107,RD,581
13109,RD,593
13111,RD,773
13113,DR,548
13115,RD,707
13117,DR,1255
13119,RD,663
13121,DR,3282
13123,RD,783
13125,RD,217
13127,DR,630
13129,RD,627
13131,RD,270
13133,RD,372
13135,CT,3778
13137,RD,670
13139,DR,1369
13141,RD,475
13143,RD,554
13145,RD,390
13147,RD,828
13149,RD,289
13151,DR,1234
13153,DR,993
13155,RD,436
13157,RD,704
13159,RD,378
13161,RD,550
13163,RD,395
13165,RD,329
13167,RD,280
13169,RD,349
13171,RD,251
13173,RD,335
13175,RD,1316
13177,RD,192
13179,RD,464
13181,RD,214
13183,RD,447
13185,DR,650
13187,RD,594
13189,RD,241
13191,RD,507
13193,RD,412
13195,RD,620
13197,RD,392
13199,RD,467
13201,RD,269
13205,RD,364
13207,RD,321
13209,RD,366
13211,RD,253
13213,RD,423
13215,DR,1178
13217,DR,528
13219,RD,320
13221,RD,349
13223,DR,847
13225,RD,228
13227,RD,511
13229,RD,431
13231,RD,322
13233,RD,527
13235,RD,359
13237,RD,255
13239,RD,166
13241,LN,1083
13243,RD,393
13245,DR,1184
13247,DR,490
13249,RD,189
13251,RD,405
13253,RD,259
13255,RD,405
13257,RD,580
13259,RD,226
13261,RD,357
13263,RD,298
13265,RD,137
13267,RD,1376
13269,RD,516
13271,RD,428
13273,RD,368
13275,ST,581
13277,RD,671
13279,RD,507
13281,RD,498
13283,RD,459
13285,RD,425
13287,RD,356
13289,RD,285
13291,RD,974
13293,RD,331
13295,DR,603
13297,RD,505
13299,RD,499
13301,RD,377
13303,RD,387
13305,RD,608
13307,RD,295
13309,RD,316
13311,DR,629
13313,DR,1018
13315,RD,560
13317,RD,324
13319,RD,289
13321,RD,436
15001,ST,1430
15003,ST,3804
15005,ST,19
15007,RD,605
15009,PL,1162
16001,ST,3340
16003,RD,459
16005,RD,596
16007,RD,286
16009,RD,361
16011,RD,706
16013,RD,534
16015,RD,791
16017,RD,1707
16019,DR,828
16021,RD,662
16023,RD,75
16025,RD,157
16027,AVE,1095
16029,RD,513
16031,RD,358
16033,RD,190
16035,RD,470
16037,RD,491
16039,RD,672
16041,RD,178
16043,RD,504
16045,RD,166
16047,RD,128
16049,RD,1475
16051,RD,192
16053,RD,174
16055,RD,1649
16057,RD,593
16059,RD,1128
16061,RD,229
16063,RD,189
16065,RD,201
16067,ST,259
16069,RD,490
16071,RD,179
16073,RD,442
16075,AVE,200
16077,RD,349
16079,RD,852
16081,RD,321
16083,ST,452
16085,RD,602
16087,RD,273
17001,RD,1441
17003,RD,255
17005,ST,430
17007,DR,272
17009,RD,444
17011,ST,1637
17013,RD,189
17015,ST,374
17017,RD,407
17019,DR,1413
17021,RD,1074
17023,RD,835
17025,RD,886
17027,RD,787
17029,RD,826
17031,AVE,11940
17033,ST,658
17035,RD,361
17037,ST,738
17039,RD,774
17041,RD,475
17043,CT,3399
17045,ST,648
17047,RD,310
17049,ST,739
17051,RD,1116
17053,RD,378
17055,ST,1161
17057,RD,999
17059,RD,256
17061,ST,309
17063,RD,615
17065,RD,809
17067,RD,1082
17069,RD,88
17071,ST,276
17073,ST,1064
17075,RD,1955
17077,RD,994
17079,ST,471
17081,RD,1523
17083,RD,476
17085,RD,557
17087,LN,277
17089,DR,1750
17091,RD,959
17093,DR,559
17095,ST,839
17097,CT,2862
17099,ST,1623
17101,RD,311
17103,RD,500
17105,RD,702
17107,ST,989
17109,RD,1102
17111,DR,1797
17113,RD,2184
17115,ST,904
17117,ST,1317
17119,ST,1899
17121,RD,1294
17123,RD,417
17125,ST,459
17127,RD,414
17129,ST,385
17131,ST,545
17133,RD,389
17135,RD,825
17137,RD,600
17139,ST,358
17141,RD,696
17143,ST,944
17145,RD,586
17147,RD,547
17149,ST,879
17151,RD,222
17153,RD,235
17155,RD,270
17157,ST,781
17159,RD,715
17161,AVE,1440
17163,DR,2245
17165,RD,567
17167,RD,1387
17169,RD,351
17171,RD,230
17173,RD,611
17175,RD,236
17177,RD,573
17179,ST,1219
17181,LN,340
17183,RD,2000
17185,RD,369
17187,ST,693
17189,ST,534
17191,LN,551
17193,RD,892
17195,RD,627
17197,DR,3288
17199,ST,1068
17201,DR,1335
17203,RD,626
18001,ST,317
18003,DR,2156
18005,DR,638
18007,ST,251
18009,ST,237
18011,ST,338
18013,RD,410
18015,ST,316
18017,RD,701
18019,DR,725
18021,RD,554
18023,RD,481
18025,RD,572
18027,RD,448
18029,LN,501
18031,RD,619
18033,ST,426
18035,RD,1053
18037,ST,496
18039,DR,1200
18041,RD,390
18043,DR,580
18045,RD,469
18047,RD,567
18049,RD,309
18051,RD,832
18053,ST,964
18055,RD,1175
18057,DR,2552
18059,DR,550
18061,RD,659
18063,DR,1294
18065,RD,557
18067,ST,510
18069,ST,429
18071,RD,803
18073,RD,408
18075,ST,358
18077,RD,492
18079,RD,782
18081,DR,1068
18083,RD,1068
18085,ST,805
18087,ST,165
18089,ST,2830
18091,ST,803
18093,RD,899
18095,ST,1393
18097,DR,4756
18099,RD,755
18101,RD,559
18103,ST,462
18105,DR,833
18107,RD,527
18109,RD,937
18111,ST,285
18113,ST,492
18115,RD,113
18117,RD,966
18119,RD,1245
18121,RD,372
18123,RD,642
18125,RD,588
18127,DR,964
18129,RD,832
18131,RD,508
18133,RD,917
18135,ST,422
18137,RD,662
18139,ST,285
18141,DR,1560
18143,RD,432
18145,ST,349
18147,RD,858
18149,ST,308
18151,LAKE,394
18153,RD,730
18155,RD,366
18157,DR,939
18159,ST,227
18161,RD,295
18163,DR,1045
18165,ST,386
18167,ST,1273
18169,RD,477
18171,ST,175
18173,RD,1148
18175,RD,714
18177,ST,728
18179,ST,262
18181,ST,395
18183,RD,413
19001,ST,364
19003,ST,177
19005,RD,280
19007,ST,605
19009,ST,254
19011,ST,465
19013,ST,850
19015,ST,518
19017,ST,465
19019,ST,610
19021,ST,398
19023,ST,514
19025,ST,351
19027,ST,514
19029,ST,411
19031,ST,472
19033,ST,632
19035,ST,334
19037,ST,307
19039,ST,332
19041,ST,379
19043,ST,543
19045,ST,581
19047,ST,431
19049,ST,929
19051,ST,481
19053,ST,589
19055,ST,582
19057,ST,657
19059,ST,379
19061,ST,737
19063,ST,270
19065,ST,542
19067,ST,357
19069,ST,382
19071,ST,357
19073,ST,439
19075,ST,306
19077,ST,439
19079,ST,360
19081,ST,310
19083,ST,503
19085,ST,496
19087,ST,597
19089,ST,246
19091,ST,325
19093,ST,226
19095,ST,436
19097,ST,611
19099,ST,931
19101,ST,373
19103,ST,778
19105,ST,494
19107,ST,670
19109,ST,539
19111,ST,564
19113,DR,1119
19115,ST,445
19117,ST,349
19119,ST,272
19121,ST,357
19123,ST,598
19125,ST,659
19127,ST,588
19129,ST,329
19131,ST,372
19133,ST,450
19135,ST,291
19137,ST,383
19139,ST,702
19141,ST,328
19143,ST,180
19145,ST,608
19147,ST,342
19149,ST,425
19151,ST,296
19153,ST,3138
19155,ST,955
19157,ST,577
19159,ST,350
19161,ST,426
19163,ST,1539
19165,ST,373
19167,ST,484
19169,ST,702
19171,ST,618
19173,ST,402
19175,ST,440
19177,ST,426
19179,ST,639
19181,ST,735
19183,ST,473
19185,ST,449
19187,ST,703
19189,ST,256
19191,ST,398
19193,ST,1335
19195,ST,267
19197,ST,362
20001,ST,581
20003,RD,543
20005,RD,459
20007,RD,321
20009,ST,404
20011,ST,635
20013,ST,439
20015,ST,1011
20017,RD,293
20019,RD,331
20021,ST,614
20023,RD,144
20025,ST,123
20027,RD,298
20029,RD,647
20031,RD,543
20033,RD,200
20035,RD,840
20037,ST,982
20039,RD,255
20041,ST,466
20043,RD,403
20045,RD,1164
20047,AVE,173
20049,RD,363
20051,ST,394
20053,RD,187
20055,RD,386
20057,RD,502
20059,ST,386
20061,RD,237
20063,ST,154
20065,RD,322
20067,RD,165
20069,RD,335
20071,RD,235
20073,RD,1214
20075,RD,151
20077,AVE,267
20079,ST,502
20081,RD,127
20083,RD,266
20085,RD,410
20087,ST,537
20089,RD,384
20091,ST,7409
20093,RD,206
20095,ST,386
20097,ST,343
20099,RD,504
20101,RD,177
20103,ST,1185
20105,RD,115
20107,RD,509
20109,RD,169
20111,RD,379
20113,ST,474
20115,ST,529
20117,RD,429
20119,RD,312
20121,ST,628
20123,RD,335
20125,ST,785
20127,ST,254
20129,RD,115
20131,RD,682
20133,RD,315
20135,RD,394
20137,RD,130
20139,ST,603
20141,AVE,256
20143,RD,468
20145,ST,126
20147,RD,414
20149,RD,569
20151,ST,356
20153,RD,218
20155,RD,762
20157,RD,349
20159,ST,207
20161,RD,540
20163,RD,323
20165,ST,248
20167,ST,513
20169,RD,536
20171,RD,211
20173,ST,5692
20175,RD,283
20177,ST,1464
20179,RD,330
20181,RD,254
20183,RD,388
20185,ST,197
20187,RD,138
20189,RD,157
20191,ST,665
20193,RD,200
20195,AVE,169
20197,RD,407
20199,RD,141
20201,RD,368
20203,RD,121
20205,RD,601
20207,RD,390
20209,ST,2221
21001,RD,1141
21003,RD,633
21005,RD,223
21007,RD,282
21009,RD,773
21011,RD,407
21013,RD,1081
21015,DR,707
21017,RD,194
21019,ST,534
21021,RD,218
21023,RD,240
21025,RD,563
21027,RD,882
21029,DR,534
21031,RD,719
21033,RD,515
21035,DR,647
21037,DR,340
21039,RD,271
21041,RD,127
21043,RD,1102
21045,RD,591
21047,RD,794
21049,LN,227
21051,RD,897
21053,RD,555
21055,RD,492
21057,RD,649
21059,RD,487
21061,RD,461
21063,RD,544
21065,RD,525
21067,DR,1029
21069,RD,345
21071,RD,862
21073,DR,326
21075,ST,157
21077,RD,108
21079,RD,316
21081,RD,297
21083,RD,591
21085,RD,874
21087,RD,752
21089,RD,811
21091,RD,199
21093,RD,624
21095,RD,1088
21097,RD,306
21099,RD,585
21101,RD,388
21103,RD,306
21105,RD,284
21107,RD,570
21109,RD,671
21111,CT,2641
21113,DR,380
21115,RD,532
21117,DR,822
21119,RD,511
21121,RD,858
21123,RD,402
21125,RD,1391
21127,RD,949
21129,RD,529
21131,RD,555
21133,RD,782
21135,RD,416
21137,RD,478
21139,RD,407
21141,RD,955
21143,RD,358
21145,DR,496
21147,RD,1431
21149,RD,203
21151,DR,832
21153,RD,931
21155,RD,454
21157,RD,657
21159,RD,562
21161,RD,183
21163,RD,445
21165,RD,414
21167,RD,235
21169,RD,550
21171,RD,675
21173,DR,201
21175,RD,1003
21177,LN,500
21179,RD,291
21181,RD,212
21183,RD,475
21185,CT,434
21187,RD,277
21189,RD,408
21191,RD,337
21193,LN,642
21195,RD,965
21197,RD,355
21199,RD,1595
21201,RD,103
21203,RD,619
21205,RD,645
21207,RD,736
21209,DR,290
21211,RD,309
21213,RD,312
21215,RD,204
21217,RD,602
21219,RD,446
21221,RD,566
21223,RD,232
21225,RD,416
21227,RD,601
21229,LN,207
21231,RD,698
21233,RD,363
21235,RD,932
21237,RD,622
21239,RD,165
22001,RD,577
22003,RD,755
22005,RD,1041
22007,ST,319
22009,RD,457
22011,RD,1749
22013,RD,1215
22015,RD,655
22017,ST,1668
22019,ST,1851
22021,RD,590
22023,RD,577
22025,RD,543
22027,RD,794
22029,RD,376
22031,RD,1089
22033,DR,2748
22035,RD,297
22037,LN,219
22039,RD,657
22041,RD,588
22043,RD,659
22045,ST,805
22047,ST,379
22049,RD,1234
22051,ST,1954
22053,RD,531
22055,DR,1855
22057,ST,1194
22059,RD,1055
22061,RD,858
22063,RD,1000
22065,ST,211
22067,RD,764
22069,RD,1596
22071,ST,1887
22073,RD,1000
22075,LN,528
22077,ST,230
22079,RD,1468
22081,RD,641
22083,RD,707
22085,RD,792
22087,DR,297
22089,ST,324
22091,LN,428
22093,ST,435
22095,ST,336
22097,RD,1123
22099,RD,968
22101,ST,1168
22103,DR,1853
22105,RD,1477
22107,RD,269
22109,ST,884
22111,RD,1719
22113,RD,1132
22115,RD,2290
22117,RD,1957
22119,RD,802
22121,LN,202
22123,RD,624
22125,RD,218
22127,RD,2068
23001,RD,1094
23003,RD,2246
23005,RD,3910
23007,RD,1657
23009,RD,2991
23011,RD,2202
23013,RD,1228
23015,RD,1846
23017,RD,2433
23019,RD,2371
23021,RD,1382
23023,RD,698
23025,RD,1955
23027,RD,1397
23029,RD,1699
23031,RD,2771
24001,RD,900
24003,RD,3386
24005,RD,3945
24009,RD,616
24011,RD,390
24013,DR,1521
24015,RD,813
24017,PL,1564
24019,RD,522
24021,CT,1500
24023,RD,699
24025,CT,1597
24027,CT,1371
24029,RD,397
24031,CT,2578
24033,CT,2459
24035,LN,604
24037,LN,1209
24039,RD,379
24041,RD,568
24043,RD,698
24045,DR,519
24047,RD,583
24510,AVE,1899
25001,RD,4365
25003,RD,1662
25005,ST,4295
25007,RD,777
25009,ST,4719
25011,RD,1381
25013,ST,3348
25015,RD,967
25017,ST,7841
25019,RD,345
25021,ST,3684
25023,ST,3079
25025,ST,3463
25027,ST,5439
26001,RD,563
26003,RD,774
26005,ST,1166
26007,RD,492
26009,RD,595
26011,RD,479
26013,RD,555
26015,RD,701
26017,RD,716
26019,RD,553
26021,ST,1165
26023,RD,567
26025,ST,850
26027,ST,721
26029,RD,654
26031,RD,861
26033,RD,1211
26035,RD,593
26037,RD,579
26039,RD,584
26041,RD,827
26043,RD,488
26045,DR,562
26047,RD,590
26049,DR,2333
26051,RD,538
26053,RD,659
26055,DR,782
26057,RD,559
26059,RD,515
26061,RD,935
26063,RD,546
26065,ST,1055
26067,ST,579
26069,RD,833
26071,RD,650
26073,RD,508
26075,RD,1105
26077,ST,1363
26079,RD,770
26081,DR,3741
26083,RD,206
26085,RD,709
26087,RD,695
26089,RD,667
26091,ST,631
26093,DR,1778
26095,RD,535
26097,RD,553
26099,DR,5452
26101,RD,708
26103,RD,835
26105,RD,727
26107,AVE,481
26109,RD,552
26111,RD,615
26113,RD,707
26115,DR,748
26117,RD,1284
26119,RD,561
26121,RD,1000
26123,ST,778
26125,DR,6848
26127,RD,660
26129,RD,779
26131,RD,354
26133,RD,579
26135,RD,521
26137,RD,522
26139,DR,1552
26141,RD,480
26143,RD,705
26145,ST,1231
26147,ST,731
26149,RD,668
26151,RD,700
26153,RD,467
26155,ST,600
26157,RD,745
26159,ST,924
26161,DR,1757
26163,ST,9191
26165,RD,836
27001,RD,612
27003,ST,3017
27005,RD,743
27007,RD,1088
27009,ST,400
27011,ST,303
27013,ST,901
27015,ST,578
27017,RD,1199
27019,ST,514
27021,RD,864
27023,ST,286
27025,ST,767
27027,ST,953
27029,RD,339
27031,RD,461
27033,ST,252
27035,RD,1478
27037,ST,1657
27039,ST,421
27041,RD,644
27043,ST,548
27045,ST,657
27047,ST,613
27049,ST,775
27051,ST,342
27053,AVE,5542
27055,RD,354
27057,DR,559
27059,ST,652
27061,RD,1899
27063,ST,305
27065,AVE,291
27067,AVE,709
27069,ST,205
27071,RD,542
27073,ST,378
27075,RD,660
27077,RD,382
27079,ST,590
27081,ST,265
27083,ST,615
27085,ST,472
27087,RD,220
27089,AVE,509
27091,ST,528
27093,ST,575
27095,ST,428
27097,RD,702
27099,ST,860
27101,ST,305
27103,ST,278
27105,AVE,354
27107,ST,304
27109,ST,1019
27111,AVE,1397
27113,AVE,355
27115,RD,1173
27117,ST,228
27119,ST,1141
27121,ST,462
27123,ST,2235
27125,ST,210
27127,ST,496
27129,ST,442
27131,ST,781
27133,ST,418
27135,AVE,555
27137,RD,5344
27139,ST,870
27141,ST,1266
27143,ST,453
27145,ST,1568
27147,ST,431
27149,ST,265
27151,ST,529
27153,AVE,543
27155,ST,252
27157,ST,598
27159,AVE,381
27161,ST,413
27163,ST,1540
27165,ST,280
27167,ST,283
27169,RD,497
27171,ST,1591
27173,ST,303
28001,RD,422
28003,RD,825
28005,RD,356
28007,RD,1002
28009,RD,360
28011,RD,608
28013,RD,478
28015,RD,606
28017,RD,388
28019,RD,454
28021,RD,269
28023,RD,629
28025,RD,467
28027,RD,370
28029,LN,506
28031,RD,502
28033,DR,1680
28035,RD,631
28037,RD,355
28039,RD,682
28041,RD,638
28043,RD,533
28045,ST,927
28047,DR,1415
28049,DR,1488
28051,RD,632
28053,RD,388
28055,RD,189
28057,RD,937
28059,RD,1155
28061,RD,767
28063,RD,382
28065,RD,414
28067,RD,1306
28069,RD,799
28071,RD,888
28073,RD,856
28075,RD,744
28077,LN,365
28079,RD,618
28081,DR,1044
28083,RD,583
28085,LN,399
28097,RD,270
28099,RD,756
28111,RD,488
28113,RD,499
28115,RD,651
28121,DR,1281
28123,RD,574
28125,RD,204
28131,RD,584
28133,RD,546
28135,RD,330
28137,RD,439
28139,RD,596
28141,RD,759
28143,RD,279
28145,RD,518
28147,RD,589
28149,DR,430
28151,ST,609
28153,DR,512
28155,RD,652
28157,LN,213
28159,RD,596
28161,RD,631
28163,RD,404
29001,ST,377
29003,RD,647
29005,ST,393
29007,RD,862
29009,RD,795
29011,RD,256
29013,RD,640
29015,RD,780
29017,RD,326
29019,DR,1379
29021,ST,890
29023,RD,667
29025,RD,527
29027,RD,796
29029,DR,1666
29031,LN,760
29033,RD,1029
29035,RD,295
29037,ST,1583
29039,RD,1399
29041,RD,705
29043,RD,936
29045,ST,229
29047,ST,2659
29049,RD,646
29051,DR,581
29053,ST,191
29055,RD,518
29057,RD,425
29059,RD,432
29061,ST,593
29063,RD,436
29065,RD,697
29067,RD,408
29069,ST,703
29071,DR,1238
29073,RD,460
29075,ST,485
29077,ST,2013
29079,ST,552
29081,ST,509
29083,RD,800
29085,RD,370
29087,RD,190
29089,RD,271
29091,RD,966
29093,RD,472
29095,ST,6069
29097,LN,1204
29099,DR,3186
29101,RD,1205
29103,RD,455
29105,DR,445
29107,RD,674
29109,ST,789
29111,ST,511
29113,RD,814
29115,ST,414
29117,ST,458
29119,RD,629
29121,ST,588
29123,ST,375
29125,RD,364
29127,RD,452
29129,ST,262
29131,RD,780
29133,ST,353
29135,RD,365
29137,RD,747
29139,RD,505
29141,RD,1040
29143,ST,398
29145,LN,714
29147,ST,896
29149,RD,501
29151,LN,412
29153,RD,651
29155,RD,390
29157,LN,266
29159,RD,574
29161,RD,1220
29163,RD,621
29165,ST,1018
29167,RD,1211
29169,LN,467
29171,ST,256
29173,RD,210
29175,RD,729
29177,ST,605
29179,RD,615
29181,RD,133
29183,DR,4056
29185,RD,638
29186,RD,282
29187,ST,806
29189,DR,8307
29195,RD,855
29197,ST,181
29199,RD,178
29201,ST,558
29203,RD,339
29205,RD,519
29207,RD,619
29209,LN,1016
29211,RD,340
29213,RD,903
29215,RD,931
29217,RD,1580
29219,DR,710
29221,RD,1295
29223,RD,452
29225,RD,848
29227,RD,315
29229,RD,831
29510,AVE,1453
30001,RD,640
30003,RD,401
30005,RD,469
30007,PVT,404
30009,RD,578
30011,RD,289
30013,ST,548
30015,RD,544
30017,RD,265
30019,RD,237
30021,RD,211
30023,RD,186
30025,RD,107
30027,RD,418
30029,RD,1448
30031,RD,1216
30033,RD,178
30035,RD,341
30037,RD,138
30039,RD,462
30041,RD,465
30043,RD,537
30045,RD,550
30047,LN,733
30049,RD,848
30051,RD,280
30053,RD,1750
30055,RD,188
30057,RD,578
30059,RD,263
30061,RD,345
30063,RD,869
30065,RD,298
30067,RD,538
30069,RD,72
30071,RD,214
30073,RD,445
30075,RD,261
30077,RD,453
30079,RD,100
30081,LN,847
30083,RD,379
30085,RD,438
30087,RD,384
30089,RD,724
30091,RD,269
30093,ST,497
30095,RD,467
30097,RD,179
30099,RD,310
30101,RD,317
30103,RD,90
30105,RD,496
30107,RD,199
30109,RD,103
30111,DR,962
31001,AVE,413
31003,RD,274
31005,RD,48
31007,RD,210
31009,RD,61
31011,ST,400
31013,RD,246
31015,RD,173
31017,ST,114
31019,RD,561
31021,ST,190
31023,RD,263
31025,ST,570
31027,AVE,259
31029,RD,194
31031,RD,231
31033,RD,465
31035,ST,267
31037,ST,221
31039,ST,206
31041,RD,1127
31043,ST,356
31045,RD,257
31047,RD,379
31049,RD,174
31051,AVE,244
31053,ST,480
31055,ST,5760
31057,RD,156
31059,ST,230
31061,RD,371
31063,RD,385
31065,RD,430
31067,ST,515
31069,RD,269
31071,AVE,102
31073,RD,185
31075,LN,65
31077,AVE,155
31079,ST,500
31081,RD,233
31083,RD,462
31085,RD,76
31087,RD,297
31089,RD,490
31091,AVE,29
31093,ST,186
31095,ST,199
31097,RD,144
31099,RD,166
31101,ST,228
31103,RD,110
31105,RD,229
31107,RD,352
31109,ST,2958
31111,RD,903
31113,RD,36
31115,RD,79
31117,RD,57
31119,ST,383
31121,RD,281
31123,RD,414
31125,ST,335
31127,ST,205
31129,RD,212
31131,RD,510
31133,ST,158
31135,RD,434
31137,RD,180
31139,ST,211
31141,ST,558
31143,RD,174
31145,RD,369
31147,ST,267
31149,RD,128
31151,ST,288
31153,ST,1833
31155,ST,470
31157,RD,462
31159,RD,279
31161,RD,304
31163,RD,289
31165,RD,273
31167,RD,163
31169,ST,211
31171,ST,40
31173,RD,214
31175,RD,224
31177,LN,283
31179,ST,140
31181,RD,176
31183,AVE,89
31185,ST,211
32001,RD,275
32003,ST,11421
32005,CT,446
32007,RD,627
32009,RD,106
32011,ST,141
32013,RD,527
32015,RD,175
32017,RD,363
32019,ST,413
32021,RD,200
32023,ST,1047
32027,RD,333
32029,RD,158
32031,CT,2664
32033,RD,380
32510,DR,391
33001,RD,1325
33003,RD,2304
33005,RD,1678
33007,RD,1392
33009,RD,2890
33011,RD,3238
33013,RD,2332
33015,RD,3011
33017,RD,1094
33019,RD,1374
34001,AVE,2620
34003,AVE,2809
34005,RD,1898
34007,AVE,3046
34009,AVE,1068
34011,RD,794
34013,ST,1488
34015,AVE,1522
34017,ST,921
34019,RD,1361
34021,AVE,1118
34023,ST,2295
34025,DR,2259
34027,RD,2665
34029,DR,2705
34031,AVE,1072
34033,RD,519
34035,RD,1296
34037,RD,1552
34039,AVE,1425
34041,RD,867
35001,RD,2810
35003,RD,528
35005,RD,1918
35006,RD,1059
35007,RD,494
35009,ST,364
35011,RD,327
35013,RD,1469
35015,RD,1178
35017,RD,806
35019,RD,292
35021,RD,262
35023,RD,429
35025,RD,1055
35027,RD,649
35028,ST,160
35029,RD,1350
35031,RD,1486
35033,RD,175
35035,RD,862
35037,ST,218
35039,RD,1497
35041,ST,158
35043,RD,1890
35045,RD,2072
35047,RD,524
35049,RD,1500
35051,RD,551
35053,RD,541
35055,RD,1306
35057,RD,793
35059,RD,455
35061,RD,976
36001,RD,1522
36003,RD,1471
36005,AVE,1021
36007,RD,1491
36009,RD,1746
36011,RD,1152
36013,RD,1456
36015,RD,746
36017,RD,1210
36019,RD,1075
36021,RD,1601
36023,RD,760
36025,RD,2065
36027,RD,2436
36029,RD,2195
36031,RD,1055
36033,RD,1331
36035,RD,763
36037,RD,673
36039,RD,1351
36041,RD,583
36043,RD,1511
36045,RD,1817
36047,ST,1480
36049,RD,1073
36051,RD,909
36053,RD,1188
36055,DR,2548
36057,RD,875
36059,AVE,3631
36061,ST,766
36063,ST,833
36065,RD,2206
36067,RD,2161
36069,RD,864
36071,RD,2628
36073,RD,532
36075,RD,1054
36077,RD,1737
36079,RD,1452
36081,ST,2696
36083,RD,1630
36085,AVE,1389
36087,RD,1095
36089,RD,2304
36091,RD,1650
36093,RD,633
36095,RD,1278
36097,RD,735
36099,RD,583
36101,RD,2491
36103,RD,5672
36105,RD,2692
36107,RD,947
36109,RD,1027
36111,RD,2836
36113,RD,1431
36115,RD,1032
36117,RD,1072
36119,RD,3617
36121,RD,675
36123,RD,710
37001,RD,1573
37003,RD,1024
37005,RD,800
37007,RD,997
37009,RD,1279
37011,RD,904
37013,RD,1043
37015,RD,468
37017,RD,939
37019,DR,1509
37021,RD,4099
37023,RD,1446
37025,DR,1195
37027,RD,1009
37029,RD,258
37031,RD,857
37033,RD,828
37035,RD,1881
37037,RD,1514
37039,RD,1553
37041,RD,274
37043,RD,375
37045,RD,1978
37047,RD,1174
37049,RD,1128
37051,DR,2465
37053,RD,504
37055,RD,640
37057,RD,2908
37059,RD,760
37061,RD,1148
37063,DR,1519
37065,RD,547
37067,RD,2992
37069,RD,917
37071,RD,2361
37073,RD,269
37075,RD,524
37077,RD,823
37079,RD,468
37081,RD,3130
37083,RD,1033
37085,RD,1341
37087,RD,1834
37089,RD,1971
37091,RD,511
37093,RD,807
37095,RD,296
37097,RD,2409
37099,RD,2255
37101,RD,1491
37103,RD,341
37105,RD,703
37107,RD,1193
37109,RD,1235
37111,DR,1257
37113,RD,2586
37115,RD,1392
37117,RD,606
37119,DR,5169
37121,RD,767
37123,RD,837
37125,RD,1949
37127,RD,1283
37129,DR,1359
37131,RD,501
37133,RD,1337
37135,RD,1577
37137,RD,454
37139,RD,422
37141,RD,861
37143,RD,337
37145,RD,1106
37147,RD,1153
37149,RD,614
37151,RD,2606
37153,RD,1195
37155,RD,2596
37157,RD,2123
37159,RD,1811
37161,RD,1630
37163,RD,1173
37165,RD,631
37167,RD,1142
37169,RD,1996
37171,RD,1806
37173,RD,1015
37175,RD,1339
37177,RD,207
37179,RD,1803
37181,RD,641
37183,DR,6438
37185,RD,863
37187,RD,313
37189,RD,1750
37191,RD,1125
37193,RD,2322
37195,RD,887
37197,RD,1212
37199,RD,1008
38001,ST,331
38003,AVE,482
38005,AVE,453
38007,ST,132
38009,ST,481
38011,ST,134
38013,AVE,327
38015,ST,675
38017,ST,1448
38019,AVE,423
38021,ST,372
38023,AVE,383
38025,ST,369
38027,ST,192
38029,ST,408
38031,AVE,234
38033,AVE,148
38035,AVE,656
38037,ST,371
38039,AVE,239
38041,ST,276
38043,ST,356
38045,ST,358
38047,ST,251
38049,ST,503
38051,ST,343
38053,ST,594
38055,AVE,705
38057,AVE,348
38059,ST,600
38061,ST,545
38063,ST,327
38065,ST,196
38067,ST,366
38069,ST,299
38071,AVE,485
38073,AVE,242
38075,AVE,258
38077,ST,471
38079,AVE,279
38081,ST,286
38083,AVE,283
38085,ST,118
38087,ST,75
38089,ST,746
38091,ST,138
38093,AVE,795
38095,ST,263
38097,ST,302
38099,AVE,424
38101,ST,1199
38103,AVE,396
38105,ST,784
39001,RD,869
39003,ST,544
39005,RD,441
39007,RD,636
39009,RD,993
39011,ST,454
39013,RD,1164
39015,RD,633
39017,DR,2023
39019,RD,733
39021,RD,364
39023,DR,607
39025,DR,1131
39027,RD,419
39029,ST,944
39031,RD,631
39033,ST,382
39035,DR,3234
39037,RD,559
39039,RD,377
39041,DR,1509
39043,ST,445
39045,RD,746
39047,RD,245
39049,DR,5437
39051,ST,286
39053,RD,1016
39055,DR,643
39057,DR,1371
39059,HWY,1056
39061,DR,2482
39063,ST,454
39065,ST,446
39067,RD,757
39069,ST,314
39071,HWY,575
39073,RD,821
39075,RD,589
39077,ST,470
39079,RD,772
39081,ST,649
39083,RD,755
39085,DR,1349
39087,RD,1809
39089,RD,948
39091,RD,504
39093,DR,1110
39095,DR,1824
39097,RD,257
39099,AVE,1207
39101,ST,404
39103,DR,991
39105,RD,768
39107,ST,440
39109,ST,542
39111,RD,730
39113,DR,2523
39115,RD,1451
39117,RD,649
39119,RD,901
39121,HWY,1045
39123,RD,643
39125,RD,468
39127,RD,697
39129,RD,449
39131,RD,975
39133,DR,800
39135,RD,444
39137,ST,510
39139,RD,814
39141,RD,632
39143,RD,769
39145,RD,993
39147,RD,869
39149,RD,379
39151,ST,3079
39153,DR,2631
39155,HWY,1241
39157,RD,984
39159,HWY,369
39161,RD,397
39163,RD,469
39165,DR,1359
39167,RD,1568
39169,RD,634
39171,ST,509
39173,RD,850
39175,HWY,296
40001,RD,881
40003,RD,762
40005,RD,1063
40007,RD,1073
40009,RD,549
40011,RD,793
40013,RD,1201
40015,RD,880
40017,ST,1003
40019,RD,800
40021,RD,1584
40023,RD,733
40025,RD,821
40027,ST,1769
40029,RD,470
40031,RD,1111
40033,RD,127
40035,RD,919
40037,ST,1101
40039,RD,772
40041,RD,2377
40043,RD,465
40045,RD,615
40047,RD,971
40049,RD,858
40051,RD,1575
40053,RD,553
40055,RD,355
40057,RD,210
40059,RD,599
40061,RD,615
40063,RD,674
40065,RD,510
40067,RD,344
40069,RD,458
40071,RD,620
40073,RD,386
40075,RD,440
40077,RD,566
40079,RD,1225
40081,RD,1376
40083,RD,979
40085,RD,628
40087,ST,626
40089,RD,614
40091,RD,1127
40093,RD,402
40095,RD,585
40097,RD,1086
40099,RD,496
40101,ST,1464
40103,RD,664
40105,RD,487
40107,RD,519
40109,ST,4672
40111,RD,1271
40113,RD,1549
40115,RD,750
40117,RD,808
40119,RD,832
40121,RD,1463
40123,RD,1436
40125,RD,1343
40127,RD,857
40129,RD,536
40131,RD,1326
40133,RD,631
40135,RD,1650
40137,RD,744
40139,RD,987
40141,RD,326
40143,ST,9204
40145,ST,1730
40147,RD,704
40149,RD,582
40151,RD,483
40153,RD,697
41001,RD,1047
41003,DR,461
41005,RD,2206
41007,RD,694
41009,RD,638
41011,RD,1162
41013,RD,977
41015,RD,628
41017,RD,1858
41019,RD,2664
41021,RD,156
41023,RD,2906
41025,RD,758
41027,RD,306
41029,RD,1343
41031,RD,982
41033,RD,1018
41035,FS,9960
41037,RD,1370
41039,RD,2763
41041,ST,1110
41043,ST,999
41045,RD,786
41047,ST,1914
41049,RD,789
41051,AVE,3751
41053,ST,609
41055,RD,142
41057,RD,858
41059,RD,2864
41061,RD,1102
41063,RD,879
41065,RD,969
41067,AVE,2121
41069,RD,373
41071,ST,1100
42001,RD,799
42003,ST,7019
42005,RD,1557
42007,ST,1454
42009,RD,1762
42011,RD,2175
42013,LN,1133
42015,RD,2223
42017,RD,2973
42019,LN,1626
42021,ST,1928
42023,RD,285
42025,ST,654
42027,RD,1362
42029,RD,2635
42031,RD,950
42033,RD,2157
42035,LN,849
42037,RD,1072
42039,RD,1452
42041,DR,1402
42043,ST,2227
42045,RD,3452
42047,RD,906
42049,DR,1274
42051,RD,1882
42053,RD,519
42055,RD,1227
42057,RD,601
42059,RD,1013
42061,RD,1241
42063,RD,1446
42065,RD,1213
42067,RD,658
42069,ST,1852
42071,RD,2422
42073,RD,844
42075,ST,1326
42077,ST,3764
42079,ST,3129
42081,RD,1627
42083,RD,664
42085,RD,1874
42087,LN,869
42089,RD,1923
42091,RD,3754
42093,RD,349
42095,ST,2126
42097,ST,1267
42099,RD,766
42101,ST,6195
42103,RD,1218
42105,RD,782
42107,ST,2463
42109,RD,1034
42111,RD,1719
42113,RD,561
42115,RD,1339
42117,RD,1529
42119,RD,481
42121,RD,912
42123,RD,622
42125,ST,1897
42127,RD,1336
42129,ST,3014
42131,RD,509
42133,RD,2971
44001,ST,318
44003,ST,1091
44005,RD,523
44007,ST,4079
44009,RD,1429
45001,RD,498
45003,HWY,1641
45005,RD,330
45007,RD,1940
45009,RD,472
45011,RD,386
45013,DR,2011
45015,LN,2538
45017,RD,299
45019,RD,2691
45021,RD,836
45023,RD,1058
45025,RD,1033
45027,RD,690
45029,LN,847
45031,DR,963
45033,DR,327
45035,DR,855
45037,RD,352
45039,RD,490
45041,RD,1329
45043,DR,740
45045,RD,3108
45047,RD,781
45049,RD,486
45051,DR,2745
45053,RD,523
45055,RD,873
45057,RD,906
45059,RD,1160
45061,RD,716
45063,CT,1731
45065,RD,481
45067,RD,742
45069,RD,609
45071,RD,719
45073,DR,2676
45075,RD,1350
45077,DR,1266
45079,RD,2524
45081,RD,564
45083,RD,2624
45085,RD,1052
45087,RD,499
45089,RD,605
45091,RD,1550
46003,ST,290
46005,ST,493
46007,ST,32
46009,ST,296
46011,ST,409
46013,ST,774
46015,ST,252
46017,RD,55
46019,RD,372
46021,ST,191
46023,ST,390
46025,ST,196
46027,ST,263
46029,ST,518
46031,RD,182
46033,RD,522
46035,ST,288
46037,ST,408
46039,ST,211
46041,RD,92
46043,ST,179
46045,AVE,420
46047,RD,397
46049,ST,314
46051,ST,249
46053,ST,438
46055,ST,175
46057,ST,234
46059,ST,364
46061,ST,183
46063,RD,136
46065,AVE,285
46067,ST,403
46069,ST,172
46071,RD,179
46073,ST,192
46075,AVE,109
46077,ST,365
46079,AVE,281
46081,RD,651
46083,ST,608
46085,ST,306
46087,AVE,200
46089,ST,336
46091,ST,278
46093,RD,491
46095,ST,84
46097,ST,220
46099,ST,1195
46101,ST,214
46102,RD,283
46103,RD,1005
46105,RD,164
46107,ST,263
46109,ST,371
46111,ST,250
46115,ST,569
46117,ST,82
46119,ST,181
46121,RD,121
46123,ST,574
46125,ST,284
46127,ST,361
46129,ST,379
46135,ST,364
46137,RD,64
47001,LN,906
47003,RD,536
47005,RD,479
47007,RD,686
47009,DR,1065
47011,DR,813
47013,LN,1096
47015,LN,441
47017,RD,413
47019,RD,1161
47021,RD,558
47023,RD,250
47025,LN,687
47027,RD,533
47029,WAY,972
47031,RD,636
47033,RD,343
47035,RD,844
47037,DR,2923
47039,RD,391
47041,RD,521
47043,RD,886
47045,RD,479
47047,DR,408
47049,RD,644
47051,LN,870
47053,RD,645
47055,RD,1012
47057,RD,461
47059,RD,822
47061,RD,439
47063,DR,541
47065,DR,1871
47067,RD,471
47069,RD,378
47071,LN,641
47073,RD,1124
47075,RD,391
47077,RD,501
47079,RD,579
47081,RD,746
47083,RD,273
47085,RD,389
47087,LN,516
47089,RD,643
47091,RD,502
47093,LN,2961
47095,RD,112
47097,RD,390
47099,RD,901
47101,RD,506
47103,RD,642
47105,RD,530
47107,RD,1672
47109,RD,492
47111,RD,349
47113,DR,728
47115,RD,736
47117,RD,547
47119,RD,742
47121,RD,345
47123,RD,1078
47125,DR,1166
47127,RD,258
47129,RD,822
47131,RD,767
47133,LN,587
47135,RD,393
47137,RD,355
47139,RD,399
47141,RD,866
47143,LN,627
47145,RD,838
47147,RD,709
47149,DR,1643
47151,RD,598
47153,RD,457
47155,WAY,1612
47157,CV,4581
47159,LN,645
47161,RD,448
47163,DR,1385
47165,DR,1014
47167,RD,503
47169,LN,149
47171,RD,816
47173,RD,502
47175,RD,325
47177,RD,666
47179,RD,1170
47181,RD,697
47183,RD,689
47185,RD,569
47187,DR,1357
47189,DR,787
48001,RD,1124
48003,RD,178
48005,RD,1373
48007,ST,394
48009,RD,264
48011,RD,148
48013,RD,516
48015,RD,578
48017,RD,262
48019,RD,615
48021,RD,1089
48023,RD,287
48025,ST,462
48027,DR,2668
48029,DR,5022
48031,RD,518
48033,RD,99
48035,RD,1211
48037,RD,1036
48039,RD,2275
48041,DR,1033
48043,RD,317
48045,RD,95
48047,ST,147
48049,RD,625
48051,RD,648
48053,DR,736
48055,RD,669
48057,ST,371
48059,RD,582
48061,ST,1786
48063,RD,540
48065,RD,162
48067,RD,1079
48069,RD,258
48071,RD,435
48073,RD,1288
48075,RD,111
48077,RD,372
48079,RD,161
48081,RD,234
48083,RD,636
48085,DR,8648
48087,RD,150
48089,RD,963
48091,DR,1170
48093,RD,457
48095,RD,257
48097,RD,796
48099,RD,640
48101,RD,240
48103,ST,102
48105,RD,154
48107,RD,400
48109,RD,182
48111,RD,129
48113,DR,10551
48115,RD,200
48117,RD,207
48119,RD,302
48121,DR,5030
48123,RD,753
48125,RD,214
48127,ST,233
48129,ST,271
48131,RD,392
48133,RD,572
48135,AVE,871
48137,RD,171
48139,DR,1203
48141,DR,3939
48143,RD,1149
48145,RD,646
48147,RD,998
48149,RD,579
48151,RD,272
48153,RD,358
48155,RD,185
48157,LN,4184
48159,RD,437
48161,RD,685
48163,RD,503
48165,RD,323
48167,ST,1796
48169,RD,125
48171,RD,621
48173,RD,97
48175,RD,179
48177,RD,501
48179,RD,367
48181,RD,1426
48183,ST,1165
48185,RD,576
48187,RD,830
48189,ST,527
48191,ST,180
48193,RD,388
48195,RD,111
48197,RD,234
48199,RD,833
48201,DR,19060
48203,RD,910
48205,RD,110
48207,RD,487
48209,DR,1261
48211,RD,139
48213,RD,1427
48215,ST,5264
48217,RD,872
48219,RD,284
48221,CT,1166
48223,RD,760
48225,RD,790
48227,RD,441
48229,RD,221
48231,RD,1713
48233,ST,505
48235,RD,187
48237,RD,360
48239,RD,635
48241,RD,1333
48243,RD,164
48245,ST,1537
48247,ST,94
48249,RD,506
48251,DR,1014
48253,RD,673
48255,RD,430
48257,DR,958
48259,RD,428
48261,RD,30
48263,RD,156
48265,RD,1083
48267,RD,402
48269,RD,75
48271,ST,113
48273,RD,312
48275,RD,248
48277,RD,979
48279,RD,330
48281,RD,855
48283,ST,175
48285,RD,536
48287,RD,856
48289,RD,991
48291,RD,2091
48293,RD,468
48295,ST,112
48297,RD,353
48299,DR,409
48301,RD,26
48303,ST,2708
48305,RD,187
48307,RD,404
48309,DR,1482
48311,RD,129
48313,RD,249
48315,RD,340
48317,RD,227
48319,RD,348
48321,RD,1023
48323,ST,328
48325,RD,1264
48327,RD,111
48329,RD,1006
48331,RD,503
48333,RD,352
48335,RD,298
48337,RD,682
48339,DR,4262
48341,RD,153
48343,RD,491
48345,RD,106
48347,RD,1328
48349,RD,1162
48351,RD,1278
48353,ST,282
48355,DR,2423
48357,ST,119
48359,ST,94
48361,ST,1137
48363,RD,497
48365,RD,939
48367,DR,968
48369,RD,220
48371,ST,400
48373,RD,1009
48375,ST,685
48377,ST,254
48379,RD,418
48381,DR,662
48383,RD,198
48385,RD,185
48387,RD,638
48389,RD,503
48391,ST,224
48393,RD,90
48395,RD,576
48397,DR,1048
48399,RD,520
48401,RD,790
48403,DR,433
48405,RD,416
48407,RD,611
48409,RD,603
48411,RD,379
48413,RD,135
48415,RD,358
48417,RD,256
48419,RD,973
48421,RD,80
48423,RD,2647
48425,RD,194
48427,ST,953
48429,RD,354
48431,RD,70
48433,ST,84
48435,RD,431
48437,RD,181
48439,DR,10458
48441,ST,993
48443,RD,150
48445,RD,258
48447,RD,253
48449,RD,667
48451,ST,870
48453,DR,5593
48455,RD,684
48457,RD,1089
48459,RD,1134
48461,RD,165
48463,RD,406
48465,ST,482
48467,RD,698
48469,ST,672
48471,RD,668
48473,RD,480
48475,ST,326
48477,RD,538
48479,DR,928
48481,RD,955
48483,ST,208
48485,ST,743
48487,RD,221
48489,RD,386
48491,DR,2832
48493,RD,553
48495,ST,157
48497,RD,2032
48499,RD,1495
48501,RD,262
48503,RD,400
48505,ST,170
48507,ST,220
49001,ST,167
49003,RD,724
49005,RD,214
49007,RD,1088
49009,RD,329
49011,DR,962
49013,RD,423
49015,RD,419
49017,RD,327
49019,RD,316
49021,RD,401
49023,RD,373
49025,RD,808
49027,ST,425
49029,RD,91
49031,RD,139
49033,CIR,163
49035,DR,4998
49037,RD,1223
49039,RD,409
49041,RD,466
49043,RD,649
49045,RD,1779
49047,RD,744
49049,ST,5353
49051,RD,348
49053,DR,1390
49055,RD,388
49057,ST,1924
50001,RD,1037
50003,RD,1112
50005,RD,953
50007,RD,1178
50009,RD,447
50011,RD,1091
50013,RD,220
50015,RD,770
50017,RD,1329
50019,RD,938
50021,RD,1363
50023,RD,1629
50025,RD,1805
50027,RD,2150
51001,LN,570
51003,RD,1383
51005,RTE,262
51007,RTE,163
51009,RD,547
51011,RTE,273
51013,ST,1321
51015,LN,1136
51017,RD,261
51019,RD,848
51021,RTE,112
51023,RTE,547
51025,RD,557
51027,RD,1527
51029,RD,318
51031,RD,993
51033,RD,291
51035,RD,1017
51036,RD,98
51037,RD,632
51041,DR,1746
51043,LN,404
51045,RD,195
51047,LN,590
51049,RD,367
51051,RD,379
51053,RTE,303
51057,RD,279
51059,CT,5087
51061,RD,1065
51063,RD,381
51065,LN,272
51067,LN,888
51069,LN,677
51071,LN,313
51073,LN,606
51075,RD,386
51077,LN,678
51079,RD,249
51081,RD,135
51083,RTE,429
51085,LN,802
51087,RD,1571
51089,RD,1446
51091,RD,164
51093,LN,332
51095,RD,356
51097,RD,222
51099,DR,262
51101,RD,187
51103,RD,348
51105,RD,1109
51107,CT,1712
51109,RD,421
51111,RD,319
51113,RD,235
51115,LN,215
51117,RD,510
51119,RD,213
51121,RD,564
51125,LN,534
51127,RD,306
51131,RD,320
51133,LN,378
51135,RD,274
51137,RD,419
51139,RD,462
51141,RD,480
51143,RD,1743
51145,RD,217
51147,RD,633
51149,DR,233
51153,CT,2179
51155,RD,426
51157,LN,481
51159,RTE,136
51161,RD,754
51163,LN,1011
51165,LN,904
51167,RD,936
51169,DR,565
51171,RD,569
51173,RD,661
51175,RTE,269
51177,LN,921
51179,LN,751
51181,RTE,107
51183,RD,195
51185,RD,920
51187,RD,464
51191,RD,1181
51193,RTE,307
51195,RD,1038
51197,RD,454
51199,RD,400
51510,ST,332
51520,ST,178
51530,ST,105
51540,ST,263
51550,CT,1190
51570,AVE,165
51580,AVE,90
51590,ST,371
51595,ST,114
51600,DR,106
51610,ST,91
51620,ST,92
51630,ST,161
51640,ST,107
51650,DR,571
51660,ST,138
51670,ST,195
51678,ST,69
51680,ST,546
51683,CT,202
51685,CT,76
51690,ST,267
51700,DR,675
51710,AVE,879
51720,ST,95
51730,ST,321
51735,DR,87
51740,ST,429
51750,ST,157
51760,ST,1026
51770,AVE,603
51775,ST,182
51790,ST,298
51800,RD,379
51810,CT,2500
51820,AVE,176
51830,ST,74
51840,ST,142
53001,RD,817
53003,RD,219
53005,ST,1173
53007,RD,2086
53009,RD,1140
53011,ST,4390
53013,RD,328
53015,RD,871
53017,RD,1090
53019,RD,1456
53021,RD,648
53023,RD,331
53025,RD,997
53027,ST,1097
53029,LN,1136
53031,RD,718
53033,ST,12301
53035,LN,1617
53037,RD,1095
53039,RD,1019
53041,RD,1479
53043,RD,1270
53045,RD,979
53047,RD,2305
53049,ST,695
53051,RD,791
53053,ST,7236
53055,LN,662
53057,LN,853
53059,RD,1331
53061,ST,4461
53063,RD,2786
53065,RD,1576
53067,LN,1392
53069,RD,190
53071,RD,624
53073,RD,1138
53075,RD,1002
53077,RD,2105
54001,RD,436
54003,DR,999
54005,RD,726
54007,RD,730
54009,ST,231
54011,RD,1084
54013,RD,329
54015,RD,450
54017,RD,344
54019,RD,1371
54021,RD,263
54023,RD,268
54025,RD,1003
54027,RD,944
54029,ST,395
54031,RD,590
54033,ST,953
54035,RD,824
54037,LN,670
54039,RD,2093
54041,RD,447
54043,RD,704
54045,RD,1082
54047,RD,952
54049,RD,776
54051,RD,308
54053,RD,648
54055,RD,1209
54057,RD,431
54059,RD,499
54061,RD,1137
54063,RD,731
54065,LN,801
54067,RD,1022
54069,ST,367
54071,RD,423
54073,RD,280
54075,RD,615
54077,RD,778
54079,RD,611
54081,RD,958
54083,RD,537
54085,RD,399
54087,RD,372
54089,RD,613
54091,RD,312
54093,RD,332
54095,RD,349
54097,RD,517
54099,RD,830
54101,RD,364
54103,RD,410
54105,RD,189
54107,ST,895
54109,RD,807
55001,AVE,352
55003,RD,920
55005,ST,1349
55007,RD,1624
55009,CT,920
55011,RD,550
55013,RD,895
55015,RD,350
55017,ST,1443
55019,RD,794
55021,RD,830
55023,RD,533
55025,RD,2253
55027,RD,960
55029,RD,878
55031,RD,1431
55033,ST,942
55035,RD,613
55037,RD,557
55039,ST,649
55041,RD,755
55043,ST,818
55045,RD,483
55047,ST,276
55049,RD,549
55051,RD,566
55053,RD,912
55055,ST,601
55057,ST,637
55059,AVE,1247
55061,RD,267
55063,ST,743
55065,RD,408
55067,RD,572
55069,RD,790
55071,ST,642
55073,ST,1017
55075,RD,1430
55077,ST,189
55078,RD,222
55079,ST,3175
55081,AVE,747
55083,LN,1120
55085,RD,1413
55087,ST,1046
55089,CT,558
55091,LN,179
55093,ST,847
55095,ST,987
55097,RD,560
55099,RD,808
55101,DR,836
55103,LN,636
55105,DR,973
55107,RD,600
55109,ST,850
55111,RD,820
55113,RD,1346
55115,RD,737
55117,RD,571
55119,RD,401
55121,RD,703
55123,RD,778
55125,RD,1581
55127,RD,901
55129,RD,774
55131,DR,961
55133,DR,2617
55135,RD,1017
55137,AVE,289
55139,ST,714
55141,ST,805
56001,RD,931
56003,RD,280
56005,RD,529
56007,RD,689
56009,RD,433
56011,RD,735
56013,RD,797
56015,RD,983
56017,RD,225
56019,RD,345
56021,RD,1459
56023,RD,707
56025,RD,1048
56027,RD,197
56029,RD,576
56031,RD,495
56033,RD,622
56035,RD,585
56037,RD,733
56039,RD,880
56041,RD,351
56043,RD,320
56045,RD,209
60010,RTE,27
60020,RTE,3
60050,RTE,34
66010,ST,1215
69100,RD,13
69110,DR,171
69120,BROADWAY,3
72001,CLL,11
72003,VECINAL,52
72005,CLL,59
72007,CLL,16
72009,CLL,31
72011,CLL,84
72013,CLL,446
72015,CLL,115
72017,CLL,114
72019,TORRES,15
72021,CLL,1333
72023,CLL,207
72025,CLL,682
72027,CLL,33
72029,CLL,295
72031,CLL,927
72033,CLL,139
72035,CLL,157
72037,CLL,119
72039,CLL,14
72041,CLL,52
72043,CLL,201
72045,CLL,22
72047,CLL,92
72049,CLL,12
72051,CLL,208
72053,CLL,266
72054,CLL,40
72055,CLL,177
72057,CLL,250
72059,CLL,124
72061,CLL,198
72063,CLL,276
72065,NOMBRE,149
72067,CLL,49
72069,CLL,294
72071,CLL,106
72073,CLL,33
72075,CLL,443
72077,CLL,123
72079,CLL,91
72081,CLL,30
72083,SUR,10
72085,CLL,138
72087,CLL,118
72089,CLL,89
72091,CLL,73
72093,CLL,11
72095,CLL,33
72097,CLL,56
72099,CLL,51
72101,CLL,96
72103,CLL,168
72105,FERRER,19
72107,INTERIOR,14
72109,CLL,68
72111,CLL,109
72113,CLL,610
72115,CLL,67
72117,SALIDA,34
72119,CLL,359
72121,CLL,73
72123,CLL,204
72125,CLL,96
72127,CLL,843
72129,CLL,128
72131,CLL,54
72133,CLL,235
72135,CLL,389
72137,CLL,199
72139,CLL,385
72141,CLL,14
72143,CLL,183
72145,CLL,207
72147,CLL,40
72149,CLL,39
72151,CLL,135
72153,CLL,174
78010,RD,204
78020,RD,89
78030,RD,205
